num_fila,wall_time-s,user_time-s,sys_time-s,cpu_total-s,percent_cpu,mem_rss-kb
5,0.001393,0.000000,0.001298,0.001298,93.2,1164
5,0.001256,0.000000,0.001133,0.001133,90.2,1900
4,0.000922,0.000000,0.000768,0.000768,83.3,1900
4,0.000969,0.000000,0.000745,0.000745,76.9,1900
6,0.001610,0.000000,0.001443,0.001443,89.7,1900
2,0.000621,0.000000,0.000390,0.000390,62.8,1900
2,0.000921,0.000000,0.000685,0.000685,74.4,1900
4,0.001718,0.000000,0.001661,0.001661,96.7,1900
3,0.001362,0.000000,0.001242,0.001242,91.2,1900
5,0.002469,0.000000,0.002556,0.002556,103.5,1900
6,0.002127,0.000000,0.002086,0.002086,98.1,1900
2,0.000772,0.000000,0.000603,0.000603,78.1,1900
3,0.000955,0.000000,0.000870,0.000870,91.1,1900
3,0.000991,0.000000,0.000832,0.000832,83.9,1900
3,0.000948,0.000000,0.000841,0.000841,88.7,1900
3,0.001145,0.000000,0.001042,0.001042,91.0,1900
6,0.003857,0.000000,0.004016,0.004016,104.1,1900
4,0.002569,0.000000,0.002308,0.002308,89.8,1900
6,0.002570,0.000000,0.002641,0.002641,102.7,1900
5,0.001756,0.000000,0.001743,0.001743,99.2,1900
5,0.003561,0.000000,0.003637,0.003637,102.1,1900
6,0.004994,0.000000,0.005230,0.005230,104.7,1900
4,0.004009,0.000000,0.004109,0.004109,102.5,1900
5,0.001128,0.000000,0.000970,0.000970,86.0,1900
3,0.000800,0.000000,0.000620,0.000620,77.5,1900
3,0.001525,0.000000,0.001328,0.001328,87.1,1900
2,0.000866,0.000000,0.000683,0.000683,78.9,1900
5,0.001342,0.000000,0.001138,0.001138,84.8,1900
2,0.000563,0.000000,0.000404,0.000404,71.8,1900
5,0.001129,0.000000,0.001028,0.001028,91.1,1900
6,0.001847,0.000000,0.001811,0.001811,98.1,1900
6,0.001577,0.000000,0.001527,0.001527,96.8,1900
4,0.000806,0.000000,0.000620,0.000620,76.9,1900
6,0.001351,0.000000,0.001269,0.001269,93.9,1900
3,0.000635,0.000000,0.000491,0.000491,77.3,1900
5,0.001222,0.000000,0.001220,0.001220,99.8,1900
3,0.000811,0.000000,0.000680,0.000680,83.8,1900
5,0.001556,0.000000,0.001484,0.001484,95.4,1900
5,0.002787,0.000000,0.002848,0.002848,102.2,1900
5,0.003478,0.000000,0.003605,0.003605,103.7,1900
2,0.000946,0.000000,0.000687,0.000687,72.6,1900
3,0.000844,0.000000,0.000673,0.000673,79.7,1900
5,0.001002,0.000000,0.000877,0.000877,87.5,1900
6,0.001237,0.000000,0.001130,0.001130,91.4,1900
4,0.001011,0.000000,0.000902,0.000902,89.2,1900
4,0.003699,0.000000,0.003807,0.003807,102.9,1900
5,0.003891,0.000000,0.004107,0.004107,105.6,1900
2,0.001635,0.000000,0.001542,0.001542,94.3,1900
2,0.001960,0.000000,0.001978,0.001978,100.9,1900
5,0.003877,0.000000,0.003997,0.003997,103.1,1900
2,0.001161,0.000000,0.001021,0.001021,87.9,1900
4,0.001560,0.000000,0.001491,0.001491,95.6,1900
2,0.000922,0.000000,0.000610,0.000610,66.1,1900
4,0.001473,0.000000,0.001445,0.001445,98.1,1900
3,0.001809,0.000000,0.001721,0.001721,95.1,1900
3,0.003353,0.000000,0.003420,0.003420,102.0,1900
2,0.002173,0.000000,0.002115,0.002115,97.3,1900
3,0.003999,0.000000,0.004068,0.004068,101.7,1900
4,0.005295,0.000000,0.005517,0.005517,104.2,1900
5,0.005351,0.000000,0.005561,0.005561,103.9,1900
6,0.006460,0.000000,0.006606,0.006606,102.3,1900
2,0.001174,0.000000,0.001076,0.001076,91.7,1900
2,0.000865,0.000000,0.000741,0.000741,85.7,1900
4,0.001656,0.000000,0.001627,0.001627,98.3,1900
5,0.002929,0.000000,0.003004,0.003004,102.6,1900
5,0.001872,0.000000,0.001870,0.001870,99.9,1900
6,0.002836,0.000000,0.002999,0.002999,105.7,1900
3,0.001225,0.000000,0.001097,0.001097,89.5,1900
5,0.002205,0.000000,0.001960,0.001960,88.9,1900
5,0.001406,0.000000,0.001251,0.001251,89.0,1900
3,0.000778,0.000000,0.000518,0.000518,66.6,1900
3,0.000660,0.000000,0.000527,0.000527,79.9,1900
6,0.001413,0.000000,0.001413,0.001413,100.0,1900
4,0.001371,0.000000,0.001239,0.001239,90.4,1900
5,0.001398,0.000000,0.001263,0.001263,90.4,1900
5,0.001662,0.000000,0.001601,0.001601,96.4,1900
5,0.001954,0.000000,0.001954,0.001954,100.0,1900
5,0.002350,0.000000,0.002333,0.002333,99.3,1900
3,0.001079,0.000000,0.001022,0.001022,94.7,1900
4,0.001451,0.000000,0.001349,0.001349,93.0,1900
5,0.001762,0.000000,0.001733,0.001733,98.3,1900
2,0.000960,0.000000,0.000751,0.000751,78.2,1900
2,0.000801,0.000000,0.000627,0.000627,78.3,1900
2,0.000775,0.000000,0.000577,0.000577,74.5,1900
5,0.001487,0.000000,0.001405,0.001405,94.5,1900
5,0.001713,0.000000,0.001636,0.001636,95.5,1900
6,0.002403,0.000000,0.002366,0.002366,98.5,1900
6,0.001627,0.000000,0.001584,0.001584,97.4,1900
2,0.000676,0.000000,0.000511,0.000511,75.6,1900
4,0.001136,0.000000,0.001034,0.001034,91.0,1900
4,0.001702,0.000000,0.001670,0.001670,98.1,1900
2,0.001137,0.000000,0.000930,0.000930,81.8,1900
5,0.001702,0.000000,0.001741,0.001741,102.3,1900
3,0.000988,0.000000,0.000755,0.000755,76.4,1900
2,0.000809,0.000000,0.000601,0.000601,74.3,1900
6,0.002625,0.000000,0.002725,0.002725,103.8,1900
6,0.001475,0.000000,0.001404,0.001404,95.2,1900
2,0.000661,0.000000,0.000469,0.000469,71.0,1900
2,0.000706,0.000000,0.000574,0.000574,81.3,1900
6,0.001787,0.000000,0.001738,0.001738,97.2,1900
2,0.000962,0.000000,0.000815,0.000815,84.7,1900
5,0.001443,0.000000,0.001428,0.001428,98.9,1900
2,0.000829,0.000000,0.000744,0.000744,89.7,1900
5,0.001389,0.000000,0.001330,0.001330,95.7,1900
5,0.002312,0.000000,0.002111,0.002111,91.3,1900
6,0.001631,0.000000,0.001678,0.001678,102.9,1900
4,0.001377,0.000000,0.001319,0.001319,95.8,1900
5,0.001992,0.000000,0.001882,0.001882,94.5,1900
4,0.001538,0.000000,0.001265,0.001265,82.3,1900
5,0.001858,0.000000,0.001908,0.001908,102.7,1900
3,0.000978,0.000000,0.000884,0.000884,90.4,1900
2,0.000800,0.000000,0.000701,0.000701,87.7,1900
6,0.002548,0.000000,0.002516,0.002516,98.7,1900
4,0.001034,0.000000,0.000997,0.000997,96.4,1900
2,0.000645,0.000000,0.000492,0.000492,76.3,1900
2,0.000831,0.000000,0.000667,0.000667,80.3,1900
4,0.001808,0.000000,0.001875,0.001875,103.7,1900
4,0.001720,0.000000,0.001393,0.001393,81.0,1900
4,0.001148,0.000000,0.001112,0.001112,96.9,1900
3,0.001325,0.000000,0.001208,0.001208,91.2,1900
3,0.001559,0.000000,0.001424,0.001424,91.3,1900
4,0.001232,0.000000,0.001225,0.001225,99.4,1900
2,0.001503,0.000000,0.001395,0.001395,92.8,1900
5,0.002339,0.000000,0.002348,0.002348,100.4,1900
6,0.001967,0.000000,0.001913,0.001913,97.3,1900
2,0.000937,0.000000,0.000533,0.000533,56.9,1900
6,0.001487,0.000000,0.001528,0.001528,102.8,1900
4,0.001257,0.000000,0.001079,0.001079,85.9,1900
3,0.000929,0.000000,0.000829,0.000829,89.2,1900
3,0.000734,0.000000,0.000734,0.000734,100.0,1900
6,0.002136,0.000000,0.002137,0.002137,100.1,1900
2,0.000726,0.000000,0.000566,0.000566,77.9,1900
4,0.001265,0.000000,0.001186,0.001186,93.8,1900
4,0.001175,0.000000,0.001223,0.001223,104.1,1900
6,0.001991,0.000000,0.001913,0.001913,96.1,1900
6,0.001530,0.000000,0.001541,0.001541,100.7,1900
3,0.000877,0.000000,0.000728,0.000728,83.0,1900
5,0.001418,0.000000,0.001457,0.001457,102.8,1900
3,0.001234,0.000000,0.001097,0.001097,88.9,1900
4,0.002052,0.000000,0.002061,0.002061,100.4,1900
5,0.001853,0.000000,0.001910,0.001910,103.1,1900
5,0.001750,0.000000,0.001778,0.001778,101.6,1900
4,0.001330,0.000000,0.001268,0.001268,95.3,1900
4,0.001508,0.000000,0.001446,0.001446,95.9,1900
3,0.001142,0.000000,0.001082,0.001082,94.7,1900
3,0.000691,0.000000,0.000624,0.000624,90.2,1900
6,0.001753,0.000000,0.001711,0.001711,97.6,1900
3,0.000967,0.000000,0.000842,0.000842,87.1,1900
5,0.001690,0.000000,0.001684,0.001684,99.7,1900
4,0.001694,0.000000,0.001660,0.001660,98.0,1900
4,0.001013,0.000000,0.001051,0.001051,103.7,1900
2,0.000840,0.000000,0.000658,0.000658,78.3,1900
4,0.002012,0.000000,0.001830,0.001830,90.9,1900
5,0.001459,0.000000,0.001592,0.001592,109.2,1900
4,0.001380,0.000000,0.001314,0.001314,95.2,1900
4,0.001954,0.000000,0.001928,0.001928,98.7,1900
4,0.002871,0.000000,0.002960,0.002960,103.1,1900
2,0.000905,0.000000,0.000668,0.000668,73.8,1900
5,0.001437,0.000000,0.001405,0.001405,97.8,1900
6,0.002064,0.000000,0.001919,0.001919,93.0,1900
6,0.001737,0.000000,0.001660,0.001660,95.6,1900
2,0.000950,0.000000,0.000768,0.000768,80.9,1900
4,0.001612,0.000000,0.001475,0.001475,91.5,1900
6,0.001828,0.000000,0.001742,0.001742,95.3,1900
6,0.001380,0.000000,0.001312,0.001312,95.1,1900
3,0.002325,0.000000,0.002253,0.002253,96.9,1900
3,0.000826,0.000000,0.000671,0.000671,81.2,1900
6,0.001645,0.000000,0.001422,0.001422,86.4,1900
3,0.001376,0.000000,0.001235,0.001235,89.7,1900
4,0.001190,0.000000,0.001074,0.001074,90.3,1900
5,0.001882,0.000000,0.001891,0.001891,100.5,1900
2,0.001076,0.000000,0.000834,0.000834,77.5,1900
5,0.001779,0.000000,0.001592,0.001592,89.5,1900
2,0.000782,0.000000,0.000530,0.000530,67.8,1900
4,0.001181,0.000000,0.000882,0.000882,74.7,1900
6,0.001258,0.000000,0.001080,0.001080,85.8,1900
3,0.000761,0.000000,0.000642,0.000642,84.4,1900
5,0.001117,0.000000,0.000961,0.000961,86.1,1900
3,0.000858,0.000000,0.000767,0.000767,89.4,1900
2,0.000757,0.000000,0.000477,0.000477,63.0,1900
4,0.001058,0.000000,0.000973,0.000973,91.9,1900
5,0.001562,0.000000,0.001423,0.001423,91.1,1900
4,0.000808,0.000000,0.000697,0.000697,86.3,1900
2,0.000947,0.000000,0.000721,0.000721,76.1,1900
2,0.000667,0.000000,0.000483,0.000483,72.4,1900
2,0.000674,0.000000,0.000517,0.000517,76.7,1900
3,0.000941,0.000000,0.000802,0.000802,85.3,1900
5,0.001225,0.000000,0.001220,0.001220,99.6,1900
6,0.001220,0.000000,0.001064,0.001064,87.2,1900
5,0.001277,0.000000,0.001307,0.001307,102.4,1900
5,0.001249,0.000000,0.001127,0.001127,90.2,1900
4,0.001089,0.000000,0.001029,0.001029,94.5,1900
4,0.000980,0.000000,0.000956,0.000956,97.5,1900
6,0.001372,0.000000,0.001258,0.001258,91.7,1900
2,0.000677,0.000000,0.000395,0.000395,58.3,1900
2,0.000569,0.000000,0.000420,0.000420,73.8,1900
5,0.001559,0.000000,0.001483,0.001483,95.1,1900
5,0.001252,0.000000,0.001117,0.001117,89.2,1900
5,0.001409,0.000000,0.001249,0.001249,88.6,1900
6,0.001532,0.000000,0.001344,0.001344,87.7,1900
3,0.001223,0.000000,0.001077,0.001077,88.1,1900
6,0.001746,0.000000,0.001777,0.001777,101.8,1900
5,0.001124,0.000000,0.001024,0.001024,91.1,1900
5,0.001103,0.000000,0.001026,0.001026,93.0,1900
6,0.001686,0.000000,0.001618,0.001618,96.0,1900
2,0.001162,0.000000,0.000931,0.000931,80.1,1900
5,0.001356,0.000000,0.001343,0.001343,99.0,1900
3,0.000840,0.000000,0.000755,0.000755,89.9,1900
6,0.001494,0.000000,0.001445,0.001445,96.7,1900
5,0.001739,0.000000,0.001829,0.001829,105.2,1900
6,0.001126,0.000000,0.001067,0.001067,94.8,1900
3,0.000744,0.000000,0.000599,0.000599,80.6,1900
2,0.000853,0.000000,0.000637,0.000637,74.7,1900
6,0.001257,0.000000,0.001123,0.001123,89.3,1900
2,0.000897,0.000000,0.000619,0.000619,69.0,1900
5,0.001189,0.000000,0.001087,0.001087,91.4,1900
6,0.001733,0.000000,0.001671,0.001671,96.4,1900
4,0.000932,0.000000,0.000888,0.000888,95.3,1900
4,0.001411,0.000000,0.001388,0.001388,98.4,1900
4,0.001727,0.000000,0.001630,0.001630,94.4,1900
4,0.000982,0.000000,0.000849,0.000849,86.5,1900
2,0.000958,0.000000,0.000770,0.000770,80.4,1900
5,0.001479,0.000000,0.001285,0.001285,86.9,1900
3,0.001011,0.000000,0.000846,0.000846,83.7,1900
5,0.001276,0.000000,0.001150,0.001150,90.1,1900
3,0.000885,0.000000,0.000676,0.000676,76.3,1900
3,0.000989,0.000000,0.000811,0.000811,82.0,1900
3,0.001090,0.000000,0.000969,0.000969,88.9,1900
4,0.001044,0.000000,0.000888,0.000888,85.0,1900
5,0.001195,0.000000,0.001031,0.001031,86.3,1900
3,0.002368,0.000000,0.000922,0.000922,38.9,1900
3,0.000905,0.000000,0.000613,0.000613,67.7,1900
3,0.001022,0.000000,0.000882,0.000882,86.3,1900
2,0.001186,0.000000,0.000647,0.000647,54.5,1900
5,0.001712,0.000000,0.001586,0.001586,92.6,1900
4,0.001236,0.000000,0.001112,0.001112,90.0,1900
6,0.001317,0.000000,0.001203,0.001203,91.3,1900
4,0.001696,0.000000,0.001185,0.001185,69.9,1900
4,0.001030,0.000000,0.000875,0.000875,85.0,1900
3,0.001051,0.000000,0.000902,0.000902,85.8,1900
3,0.000953,0.000000,0.001039,0.001039,109.0,1900
2,0.000655,0.000000,0.000503,0.000503,76.8,1900
4,0.002022,0.000000,0.002046,0.002046,101.2,1900
6,0.002425,0.000000,0.002645,0.002645,109.1,1900
5,0.001098,0.000000,0.001034,0.001034,94.2,1900
6,0.002224,0.000000,0.002315,0.002315,104.1,1900
3,0.001053,0.000000,0.000788,0.000788,74.8,1900
2,0.000671,0.000000,0.000498,0.000498,74.2,1900
3,0.001363,0.000000,0.001348,0.001348,98.9,1900
5,0.004068,0.000000,0.004438,0.004438,109.1,1900
6,0.002662,0.000000,0.002903,0.002903,109.1,1900
4,0.001412,0.000000,0.001282,0.001282,90.8,1900
5,0.002302,0.000000,0.002511,0.002511,109.1,1900
2,0.000693,0.000000,0.000404,0.000404,58.3,1900
4,0.002466,0.000000,0.002690,0.002690,109.1,1900
6,0.002475,0.000000,0.002700,0.002700,109.1,1900
6,0.002021,0.000000,0.002204,0.002204,109.0,1900
6,0.001400,0.000000,0.001394,0.001394,99.6,1900
2,0.000939,0.000000,0.000550,0.000550,58.6,1900
2,0.001040,0.000000,0.000799,0.000799,76.8,1900
2,0.001234,0.000000,0.001346,0.001346,109.1,1900
4,0.002408,0.000000,0.002626,0.002626,109.1,1900
6,0.002809,0.000000,0.003063,0.003063,109.0,1900
3,0.001045,0.000000,0.000954,0.000954,91.3,1900
4,0.001019,0.000000,0.001112,0.001112,109.1,1900
5,0.003255,0.000000,0.003384,0.003384,104.0,1900
4,0.002705,0.000000,0.001610,0.001610,59.5,1900
3,0.000944,0.000000,0.000836,0.000836,88.6,1900
4,0.000922,0.000000,0.000766,0.000766,83.1,1900
4,0.001221,0.000000,0.001041,0.001041,85.2,1900
5,0.001628,0.000000,0.001509,0.001509,92.7,1900
2,0.001375,0.000000,0.001185,0.001185,86.2,1900
6,0.001639,0.000000,0.001505,0.001505,91.8,1900
2,0.001433,0.000000,0.001220,0.001220,85.1,1900
2,0.000664,0.000000,0.000510,0.000510,76.8,1900
3,0.000966,0.000000,0.000784,0.000784,81.2,1900
2,0.000819,0.000000,0.000542,0.000542,66.2,1900
6,0.002408,0.000000,0.002358,0.002358,97.9,1900
5,0.001434,0.000000,0.001164,0.001164,81.2,1900
6,0.001277,0.000000,0.001122,0.001122,87.8,1900
3,0.001449,0.000000,0.001291,0.001291,89.1,1900
2,0.000944,0.000000,0.000648,0.000648,68.7,1900
5,0.001869,0.000000,0.001727,0.001727,92.4,1900
5,0.002769,0.000000,0.003021,0.003021,109.1,1900
2,0.000842,0.000000,0.000560,0.000560,66.5,1900
2,0.000567,0.000000,0.000430,0.000430,75.8,1900
6,0.001343,0.000000,0.001266,0.001266,94.3,1900
4,0.001796,0.000000,0.001092,0.001092,60.8,1900
6,0.003947,0.000000,0.004077,0.004077,103.3,1900
2,0.000797,0.000000,0.000604,0.000604,75.8,1900
6,0.001882,0.000000,0.001609,0.001609,85.5,1900
3,0.001072,0.000000,0.000915,0.000915,85.3,1900
2,0.001286,0.000000,0.000975,0.000975,75.8,1900
5,0.001720,0.000000,0.001193,0.001193,69.4,1900
2,0.000938,0.000000,0.000685,0.000685,73.0,1900
4,0.001437,0.000000,0.001059,0.001059,73.7,1900
4,0.001198,0.000000,0.000962,0.000962,80.3,1900
5,0.001788,0.000000,0.001489,0.001489,83.3,1900
4,0.001358,0.000000,0.001214,0.001214,89.4,1900
6,0.003381,0.000000,0.001760,0.001760,52.1,1900
5,0.001692,0.000000,0.001710,0.001710,101.1,1900
5,0.002575,0.000000,0.001128,0.001128,43.8,1900
4,0.001807,0.000000,0.001711,0.001711,94.7,1900
6,0.001818,0.000000,0.001841,0.001841,101.2,1900
2,0.000735,0.000000,0.000609,0.000609,82.9,1900
6,0.003369,0.000000,0.003233,0.003233,96.0,1900
6,0.001371,0.000000,0.001230,0.001230,89.7,1900
2,0.000870,0.000000,0.000535,0.000535,61.5,1900
2,0.000947,0.000000,0.000755,0.000755,79.7,1900
6,0.002343,0.000000,0.002320,0.002320,99.0,1900
4,0.002675,0.000000,0.002622,0.002622,98.0,1900
4,0.001521,0.000000,0.001502,0.001502,98.8,1900
5,0.002323,0.000000,0.002150,0.002150,92.6,1900
3,0.001085,0.000000,0.000877,0.000877,80.8,1900
3,0.001279,0.000000,0.001187,0.001187,92.8,1900
6,0.001589,0.000000,0.001412,0.001412,88.8,1900
2,0.000906,0.000000,0.000607,0.000607,67.0,1900
2,0.000847,0.000000,0.000712,0.000712,84.1,1900
4,0.001957,0.000000,0.001763,0.001763,90.1,1900
5,0.002464,0.000000,0.002012,0.002012,81.7,1900
4,0.002237,0.000000,0.002135,0.002135,95.4,1900
4,0.001113,0.000000,0.000866,0.000866,77.8,1900
6,0.003533,0.000000,0.003855,0.003855,109.1,1900
5,0.001408,0.000000,0.001129,0.001129,80.2,1900
3,0.001596,0.000000,0.001591,0.001591,99.7,1900
6,0.003331,0.000000,0.001474,0.001474,44.3,1900
4,0.001166,0.000000,0.000983,0.000983,84.3,1900
6,0.001628,0.000000,0.001385,0.001385,85.1,1900
2,0.003171,0.000000,0.000939,0.000939,29.6,1900
4,0.001367,0.000000,0.000952,0.000952,69.7,1900
4,0.001022,0.000000,0.000914,0.000914,89.4,1900
3,0.000879,0.000000,0.000670,0.000670,76.2,1900
2,0.000708,0.000000,0.000486,0.000486,68.7,1900
5,0.005595,0.000000,0.001352,0.001352,24.2,1900
6,0.002931,0.000000,0.002570,0.002570,87.7,1900
5,0.001867,0.000000,0.001588,0.001588,85.1,1900
4,0.002724,0.000000,0.002973,0.002973,109.1,1900
6,0.003771,0.000000,0.002523,0.002523,66.9,1900
6,0.002499,0.000000,0.002114,0.002114,84.6,1900
5,0.001859,0.000000,0.001596,0.001596,85.8,1900
2,0.003558,0.000000,0.003095,0.003095,87.0,1900
3,0.001212,0.000000,0.001013,0.001013,83.6,1900
6,0.001576,0.000000,0.001504,0.001504,95.4,1900
6,0.001609,0.000000,0.001604,0.001604,99.7,1900
6,0.001544,0.000000,0.001446,0.001446,93.7,1900
4,0.005569,0.000000,0.003780,0.003780,67.9,1900
4,0.005119,0.000000,0.000779,0.000779,15.2,1900
4,0.001379,0.000000,0.001186,0.001186,86.0,1900
5,0.001445,0.000000,0.001179,0.001179,81.6,1900
2,0.001370,0.000000,0.001168,0.001168,85.3,1900
5,0.002446,0.000000,0.002329,0.002329,95.2,1900
6,0.001909,0.000000,0.001438,0.001438,75.3,1900
4,0.001206,0.000000,0.001082,0.001082,89.7,1900
3,0.001132,0.000000,0.000932,0.000932,82.3,1900
3,0.003635,0.000000,0.003576,0.003576,98.4,1900
2,0.000805,0.000000,0.000561,0.000561,69.7,1900
4,0.001263,0.000000,0.001090,0.001090,86.3,1900
5,0.002218,0.000000,0.001945,0.001945,87.7,1900
5,0.002200,0.000000,0.001492,0.001492,67.8,1900
4,0.003882,0.000000,0.003024,0.003024,77.9,1900
6,0.001234,0.000000,0.001100,0.001100,89.1,1900
4,0.000913,0.000000,0.000740,0.000740,81.1,1900
3,0.001241,0.000000,0.001030,0.001030,83.0,1900
3,0.001084,0.000000,0.000915,0.000915,84.4,1900
6,0.003979,0.000000,0.003737,0.003737,93.9,1900
3,0.001134,0.000000,0.001055,0.001055,93.1,1900
4,0.001120,0.000000,0.000970,0.000970,86.6,1900
3,0.000940,0.000000,0.000821,0.000821,87.4,1900
6,0.001712,0.000000,0.001703,0.001703,99.5,1900
3,0.000907,0.000000,0.000773,0.000773,85.2,1900
3,0.001060,0.000000,0.000867,0.000867,81.8,1900
6,0.002132,0.000000,0.002162,0.002162,101.4,1900
3,0.001364,0.000000,0.001265,0.001265,92.8,1900
4,0.001605,0.000000,0.001531,0.001531,95.4,1900
4,0.001197,0.000000,0.000977,0.000977,81.6,1900
5,0.001021,0.000000,0.001017,0.001017,99.6,1900
6,0.002170,0.000000,0.002098,0.002098,96.7,1900
4,0.001634,0.000000,0.001446,0.001446,88.5,1900
6,0.001952,0.000000,0.002025,0.002025,103.7,1900
5,0.001188,0.000000,0.001095,0.001095,92.1,1900
6,0.001261,0.000000,0.001272,0.001272,100.9,1900
3,0.000737,0.000000,0.000590,0.000590,80.0,1900
6,0.001379,0.000000,0.001357,0.001357,98.4,1900
5,0.001259,0.000000,0.001189,0.001189,94.5,1900
5,0.001416,0.000000,0.001358,0.001358,95.9,1900
3,0.000858,0.000000,0.000704,0.000704,82.0,1900
5,0.001391,0.000000,0.001346,0.001346,96.8,1900
6,0.001645,0.000000,0.001633,0.001633,99.3,1900
4,0.000990,0.000000,0.000881,0.000881,89.0,1900
5,0.001051,0.000000,0.000971,0.000971,92.4,1900
3,0.000851,0.000000,0.000671,0.000671,78.8,1900
2,0.001078,0.000000,0.000817,0.000817,75.8,1900
4,0.001089,0.000000,0.001034,0.001034,95.0,1900
4,0.001082,0.000000,0.000905,0.000905,83.7,1900
4,0.000913,0.000000,0.000833,0.000833,91.3,1900
4,0.001229,0.000000,0.001120,0.001120,91.1,1900
2,0.000903,0.000000,0.000875,0.000875,96.9,1900
5,0.001423,0.000000,0.001391,0.001391,97.7,1900
6,0.001381,0.000000,0.001299,0.001299,94.0,1900
2,0.000934,0.000000,0.000540,0.000540,57.8,1900
2,0.000693,0.000000,0.000552,0.000552,79.6,1900
3,0.000980,0.000000,0.000861,0.000861,87.8,1900
3,0.001015,0.000000,0.000833,0.000833,82.1,1900
4,0.001074,0.000000,0.000944,0.000944,87.9,1900
5,0.001236,0.000000,0.001123,0.001123,90.8,1900
6,0.001321,0.000000,0.001233,0.001233,93.4,1900
2,0.000783,0.000000,0.000585,0.000585,74.7,1900
2,0.000777,0.000000,0.000453,0.000453,58.3,1900
3,0.000915,0.000000,0.000674,0.000674,73.7,1900
3,0.000988,0.000000,0.000834,0.000834,84.4,1900
4,0.001489,0.000000,0.001285,0.001285,86.3,1900
4,0.001005,0.000000,0.000806,0.000806,80.2,1900
3,0.000809,0.000000,0.000637,0.000637,78.7,1900
3,0.000696,0.000000,0.000510,0.000510,73.2,1900
5,0.001463,0.000000,0.001395,0.001395,95.3,1900
4,0.001090,0.000000,0.001059,0.001059,97.2,1900
6,0.001055,0.000000,0.001048,0.001048,99.3,1900
5,0.001413,0.000000,0.000912,0.000912,64.6,1900
3,0.001037,0.000000,0.000809,0.000809,78.0,1900
5,0.001148,0.000000,0.001006,0.001006,87.6,1900
4,0.000937,0.000000,0.000801,0.000801,85.5,1900
3,0.000833,0.000000,0.000701,0.000701,84.2,1900
6,0.001092,0.000000,0.001101,0.001101,100.8,1900
2,0.000922,0.000000,0.000741,0.000741,80.4,1900
6,0.001342,0.000000,0.001099,0.001099,81.9,1900
6,0.001486,0.000000,0.001405,0.001405,94.5,1900
5,0.001125,0.000000,0.001118,0.001118,99.4,1900
4,0.000808,0.000000,0.000623,0.000623,77.1,1900
5,0.001035,0.000000,0.000901,0.000901,87.1,1900
6,0.001283,0.000000,0.001200,0.001200,93.6,1900
2,0.000786,0.000000,0.000521,0.000521,66.3,1900
2,0.000721,0.000000,0.000488,0.000488,67.7,1900
3,0.000649,0.000000,0.000485,0.000485,74.7,1900
4,0.000725,0.000000,0.000596,0.000596,82.2,1900
5,0.000992,0.000000,0.000831,0.000831,83.8,1900
2,0.000748,0.000000,0.000506,0.000506,67.6,1900
5,0.001017,0.000000,0.000926,0.000926,91.0,1900
5,0.001020,0.000000,0.000857,0.000857,84.0,1900
5,0.001216,0.000000,0.000923,0.000923,75.9,1900
4,0.001258,0.000000,0.001139,0.001139,90.6,1900
6,0.001162,0.000000,0.001144,0.001144,98.5,1900
4,0.000831,0.000000,0.000643,0.000643,77.4,1900
4,0.000797,0.000000,0.000615,0.000615,77.2,1900
5,0.000961,0.000000,0.000807,0.000807,84.0,1900
5,0.000980,0.000000,0.000797,0.000797,81.3,1900
2,0.000601,0.000000,0.000406,0.000406,67.5,1900
5,0.001341,0.000000,0.001403,0.001403,104.6,1900
5,0.001560,0.000000,0.001515,0.001515,97.1,1900
5,0.001157,0.000000,0.001142,0.001142,98.7,1900
5,0.001185,0.000000,0.001011,0.001011,85.3,1900
3,0.000669,0.000000,0.000610,0.000610,91.1,1900
4,0.000775,0.000000,0.000651,0.000651,84.0,1900
4,0.000781,0.000000,0.000657,0.000657,84.1,1900
2,0.000802,0.000000,0.000523,0.000523,65.2,1900
4,0.001056,0.000000,0.000884,0.000884,83.7,1900
4,0.001190,0.000000,0.000977,0.000977,82.1,1900
2,0.000959,0.000000,0.000833,0.000833,86.9,1900
3,0.001350,0.000000,0.001224,0.001224,90.6,1900
6,0.001985,0.000000,0.001689,0.001689,85.1,1900
2,0.000600,0.000000,0.000384,0.000384,64.0,1900
6,0.001440,0.000000,0.001377,0.001377,95.6,1900
5,0.000910,0.000000,0.000843,0.000843,92.7,1900
5,0.001798,0.000000,0.001208,0.001208,67.2,1900
3,0.001207,0.000000,0.000852,0.000852,70.6,1900
2,0.000647,0.000000,0.000491,0.000491,75.8,1900
3,0.001057,0.000000,0.000884,0.000884,83.6,1900
4,0.001032,0.000000,0.000901,0.000901,87.3,1900
2,0.000659,0.000000,0.000473,0.000473,71.8,1900
4,0.001044,0.000826,0.000000,0.000826,79.1,1900
2,0.000628,0.000407,0.000000,0.000407,64.8,1900
4,0.001654,0.001452,0.000000,0.001452,87.8,1900
4,0.001071,0.000982,0.000000,0.000982,91.7,1900
4,0.001019,0.000923,0.000000,0.000923,90.5,1900
6,0.001119,0.001043,0.000000,0.001043,93.2,1900
2,0.000798,0.000582,0.000000,0.000582,73.0,1900
2,0.000617,0.000437,0.000000,0.000437,70.8,1900
5,0.001422,0.000014,0.001293,0.001307,91.9,1900
2,0.000581,0.000005,0.000429,0.000434,74.7,1900
2,0.000858,0.000007,0.000620,0.000627,73.1,1900
4,0.001235,0.000000,0.001105,0.001105,89.5,1900
5,0.001050,0.000000,0.000910,0.000910,86.7,1900
3,0.000928,0.000000,0.000794,0.000794,85.6,1900
3,0.001730,0.000000,0.001498,0.001498,86.6,1900
4,0.001017,0.000000,0.000949,0.000949,93.3,1900
2,0.000810,0.000000,0.000713,0.000713,88.0,1900
5,0.001213,0.000000,0.001118,0.001118,92.1,1900
3,0.001030,0.000001,0.000876,0.000877,85.2,1900
3,0.001140,0.000008,0.000768,0.000776,68.1,1900
5,0.001031,0.000010,0.000967,0.000977,94.7,1900
4,0.001135,0.000000,0.000895,0.000895,78.8,1900
2,0.000835,0.000000,0.000661,0.000661,79.2,1900
2,0.000762,0.000000,0.000511,0.000511,67.1,1900
2,0.000593,0.000000,0.000418,0.000418,70.4,1900
2,0.000870,0.000000,0.000553,0.000553,63.5,1900
5,0.001730,0.000000,0.000992,0.000992,57.3,1900
4,0.002611,0.000626,0.000000,0.000626,24.0,1900
2,0.001699,0.000729,0.000000,0.000729,42.9,1900
3,0.000718,0.000597,0.000000,0.000597,83.1,1900
2,0.000666,0.000495,0.000000,0.000495,74.3,1900
5,0.001188,0.001101,0.000000,0.001101,92.7,1900
